PM2.5,PM10,NO2,SO2,CO,O3,AQI
195.43377155278628,29.504086984613437,31.12778524506633,19.410437575608174,2.235766521075636,84.43694361652024,116
268.7320746344052,53.03675639917814,45.08257287010069,4.324183116169487,0.7340501269304497,65.58908169136987,139
17.69543120832045,95.55830726092643,66.7390215890547,44.5054354870509,0.7392778039180203,74.81922522634996,53
244.73483243656972,22.469528677663185,81.55282892411675,56.45487280908169,1.0867264979021765,27.10274497929597,124
287.59179093996653,147.9059271427982,13.81085512111405,9.543877393010193,2.5577336624076334,76.40986345035802,174
244.06719924957025,297.2980789436508,55.94166868819657,77.9030295903909,1.1977496939042251,70.72446944005497,186
250.5273526333685,255.0375058984135,86.86215552952383,47.03346733002744,2.143258325023278,15.040682202122843,175
76.09049993894858,129.96742616880073,12.580237807744613,20.157689136160354,0.3929041452882144,40.57709634211013,68
194.34848883667604,158.636228008632,40.16719187610385,18.34154840017604,0.8742356839424287,113.03200464837434,141
197.93026172151212,251.46978215345553,21.258171578819216,58.871890240127236,0.5738672319095923,51.74009859334126,147
296.96177168461264,263.1999087445553,57.91022565859139,55.39991157721022,2.5442705685504476,95.35999027008693,211
76.42394086959027,32.19809268353435,34.968039565612784,22.883788326104813,0.7118502464003467,113.720068576856,67
264.14661167707396,139.5775947034216,67.2666732030136,32.85928828273181,2.752188010247576,60.47370378461387,167
86.81524828443521,113.71845292371371,58.329972745499326,22.49384546478895,1.7952993716482675,108.76051719627247,95
125.8261464907152,103.34188847976766,99.76607261703548,41.74305090676423,0.36363729530400224,15.182801296720802,87
41.798247801691154,258.4294958471742,80.2475396144816,34.92847741037536,0.2842303478406757,51.978121515719046,89
298.87520026962807,221.06345113767208,97.25244587329372,69.14081677429085,0.13329496363417695,89.27940012962141,195
207.69600701770668,224.04872555534217,30.348393045491566,51.99502028922503,0.4235013034280417,57.824177573601546,147
141.57987483546987,382.4500524580105,88.20602933592843,22.54434595858508,1.551699727845865,29.65170685831445,156
274.66207340999796,350.7970565379714,33.35225518762012,51.838060599548406,1.8660136131706997,26.81231954045983,200
231.12813202179387,224.96403144545778,78.96951546990303,43.36758643122384,0.10165849877103617,45.65716627051404,157
15.648255291891367,373.0574741805545,88.4785783932025,66.869911290172,0.9917909636677181,16.37176831436063,101
264.62278376917175,379.84078921323777,13.137077946448484,39.90725613869587,0.30071630355831247,93.66623817829547,205
232.09198449902644,68.78875650990986,50.151825919379476,44.88468029260562,0.8686642239261714,105.96763451937832,139
132.71000265825722,100.48331806799118,56.233128434048545,58.93462338901814,0.6833380838301181,44.28879204309845,94
298.59331343165945,266.95366190299234,46.61950797187789,42.370915600776065,0.4509121680179706,34.71670707347131,188
108.04481302276204,243.55731301374865,26.860899596674816,19.17695598722164,0.30587994942619434,79.42132529971089,112
76.39311730523477,364.05960494232863,86.66536302410591,7.526873291314969,0.7902134396700861,83.58755561259086,133
72.1286741374272,70.2785025155095,93.87385285516375,46.54136127937219,1.470745976304203,96.30813667198287,81
244.1741293523266,92.35576745751352,14.208427351738216,35.62199222769745,1.3283780067577704,61.37271348403425,138
221.43199634335667,275.87852797145456,98.49569507976678,9.676593949852792,1.2676017180965795,47.32328659344595,169
259.8850355423094,114.48940688970853,23.069846301877092,36.99185673098429,1.3234567555197723,40.639965913363454,145
82.44386988580914,370.84092772488486,47.09742078007841,69.18523017142279,1.6959434061045595,15.564716247736936,126
299.7919158396907,337.6904823303817,97.05464444205137,74.25662467463395,2.5612176298014857,28.29422216643054,219
150.83592638070834,101.22397369568904,43.098827792198,6.573561197829957,1.1990220450330566,118.38397281576985,114
86.90888686992406,317.94682874045634,48.22579489721861,34.99458390723271,2.876221158493052,119.49649584419852,143
171.17281378762928,292.9951446126039,19.705698401036095,25.14321038857601,2.9092571584105604,73.70983198978819,159
167.23660839853952,304.23071294404434,10.430700926210893,47.56585236779976,1.5582661104665894,103.79918812531139,159
55.65549110245015,385.0959832442911,12.610589197855752,16.49434695649641,1.8256018087050803,84.27338089644992,127
78.20912955027005,65.5569132999072,89.57729484229657,21.20479712751274,1.8241055452469794,78.13196613653135,79
131.575225447403,241.7954699306654,54.66435797553609,74.90708810344132,0.6923516783282556,88.78109808683563,131
79.21892625859535,170.3986217806767,68.81057118119728,25.399772224303454,1.0169138691883768,92.70509416558423,97
31.03750320301562,194.14849859506273,99.85317188117202,79.69552293269737,0.3124560911889357,33.44697434937444,73
86.90812027761639,374.6385636376094,88.68209650021176,70.58307891379434,1.1716285573427636,27.352151559295518,133
251.78603684554403,287.345171533201,63.109387743965264,79.00417896325733,1.9965313213611247,10.860541786737375,180
246.96019918348387,133.76392583599159,68.02192792177735,75.23654030631411,0.48944423174076634,22.697153746101243,143
41.04043353573111,230.22498353623004,30.87308016990755,49.17672650835747,2.1810753427025142,32.39570435601982,85
193.9290080766731,120.31388261955557,51.410525954190774,72.61624630418721,2.553700768555081,20.152831448400676,127
132.83697404348064,125.13848510945563,5.3368404633393185,62.147299395530915,1.947628794174001,38.8150788677783,99
224.95696342089994,229.63856002802868,45.63025730316454,2.7542365694505175,0.3182071942139244,107.14170326301573,163
272.139285752369,227.32430989809848,84.28652688917158,47.435746186203936,0.5294719781456997,24.019007121035266,172
99.39492147973877,361.6129657221842,80.63161896436397,69.13480139607042,2.7068814459267765,33.10841921737294,143
82.36362437464808,59.06157623527854,79.11104297778705,70.9625067131787,1.2784944305131387,78.27276611657841,78
54.82046811633934,373.35478596359627,87.13754114089657,78.1440705686151,2.451237987827151,106.95578251296568,142
17.18804495047473,299.8944992669312,36.55761945491072,74.6036391117694,2.4264819029177027,105.04704312128074,107
245.1173018065728,121.38616964589937,79.80057836786976,10.431458859430656,2.62928367042766,104.44525764715598,164
74.50577808824269,330.302910126833,48.7288072944995,25.804887652410844,2.4065019475432994,35.03550361485474,121
16.86268606342094,93.38931956452929,36.184885363782115,69.41952947836234,2.9039784017402472,40.703749199405856,55
196.02970419621204,171.87778605682314,98.20922028383471,43.82482713334031,2.8237877069416757,22.687592703657035,143
291.4161771964461,87.85577014553618,96.44075999734777,22.706376276791552,0.4143673869226622,57.802013442110876,158
221.27806758928423,139.19737939409669,62.58984106408361,41.89099865421929,1.2170667566997089,73.42468478462595,145
83.86952678018876,289.3384078569848,5.160671430769799,74.19486290892846,1.6615107915690965,89.137299905933,121
225.1655225734482,274.8388316845398,39.6010398192201,7.457957267852194,2.02628928624269,46.32200396468561,168
101.0355370669243,342.2458062124075,73.37665498632526,25.425136920478607,0.9969255204050944,54.923219948113854,133
126.69611224674014,132.34897695985987,17.092340910619555,34.794814034286844,2.827054645117531,84.50497398000063,111
271.81360826244895,253.8956680615246,33.59023808372871,44.73910262458446,0.10117722512213384,41.560508855581986,173
134.66756349705202,240.39421685435914,67.1970342517918,38.26907883926711,1.3822634179839415,33.50715410880103,124
147.22399391370462,362.4487138147366,80.62235221204412,15.235928903448269,0.345907056502853,66.69972109067382,155
193.55284817208076,147.37153705572433,82.7502291309831,60.588774728177114,2.051107444615784,34.710473259701715,135
67.74768049070722,29.28164733619401,28.260041687443266,39.0606348490668,2.5642393144117226,18.011105210302603,54
130.1878931893386,259.31084468033123,23.471347490272382,56.31563153825938,1.5336937901302672,36.83828835362827,124
200.25682322241738,22.10703089245207,76.34162527875492,62.063602708773956,0.40910316003426295,56.766081333700754,108
61.00713769489418,384.0270960662251,54.20598629215538,5.917034040969992,0.8226750110139177,103.31699820868258,131
142.37392938635003,324.5383086544605,68.41988459570354,79.05561133918295,1.8268117235613173,114.50435692874716,164
268.51351848502674,252.8078826494699,73.33102632121687,41.37269685630336,2.5086505921921036,70.26591456719112,193
270.19034993764603,302.5890680206423,50.09407149819007,22.21694078027151,0.8169952387780126,80.14275804537719,194
232.085968446178,218.0939288746332,64.54110151326923,23.418600859567988,0.32470172620773385,41.430096594946775,153
88.79738105383353,141.4896359991297,56.31446113925336,12.793176798260147,0.7706582912117417,86.33447935289576,91
214.86155109142015,44.40696327127367,43.72194011832574,44.323668959305394,1.3057452788991524,32.75178284658513,114
131.84162015429342,363.83862176926726,60.48754434940139,56.25079294684151,2.5845228936814095,94.21540337298764,166
120.31049838903638,22.240511761917368,38.41708625382334,60.7710597546321,2.5749990566504035,114.87733723171169,95
131.51617196264834,304.0559542116593,56.88256942471471,49.053701937416825,0.7395622135390748,34.13637980835797,132
136.3924330535246,31.029431579751794,36.93230665134633,54.973067032211276,1.2725183404991476,28.15492043238597,79
145.54314327736995,68.49856296684106,64.11441129253615,4.10338324860074,1.2426587433851437,72.08311813272516,99
17.859593438690606,264.24486624354756,17.891451286903603,38.01247863601792,0.2458254371170199,51.70142506069535,75
71.38148242132965,144.20140585489725,77.31682224993257,31.57184481400263,2.280828488308876,101.51167136707998,98
83.15874421689037,51.12436844942417,6.841412269751015,44.07468573795763,2.999732702676707,48.495637809220234,71
198.54178704246374,316.86855885214004,66.9166922481695,60.83018991664304,2.853874024876368,31.92967505987862,173
15.91020502289638,77.90529139822034,16.990992613049592,54.21778988035303,1.7355117875970554,33.9760994997154,41
212.84484166138373,311.4212773753715,20.939968619941215,49.365304523492675,2.268984390670329,22.598615851678744,167
247.59734055021468,386.5938937529533,15.269381217472624,4.00291718880235,1.004676008744616,84.50820155354496,200
287.8701230797098,170.7286877763184,72.9263969796995,7.927725271758677,2.102781806205643,78.9966635161149,183
39.55137857933319,313.5427362814651,85.77785771343565,48.83210595571384,0.45105968869521385,118.22287866661384,115
236.9642504446957,151.9374308172106,45.69591125730072,30.90452834500838,1.567286290063526,47.53542923474115,148
256.37693182987744,332.48574887422205,15.026192711179865,76.94143024273713,1.9431968076941932,101.1578042102704,204
215.1195066747623,185.4851151029173,74.71055388127223,77.30695103657006,0.8832389495234624,98.90191406874315,158
166.07014286999419,203.72905147561454,46.37957683536996,59.020044715799536,0.8783470603427534,103.6884476021265,139
250.911995478275,52.93190126115627,88.75496248026333,21.021348256894566,1.447654553149372,77.13648746535726,143
119.90689819719657,30.90599915263404,85.84051944968361,16.18350885829996,0.715147565521243,97.76155925109062,86
108.69826451764226,354.52159230812566,71.61245628155915,23.548948908982425,0.12943823187216363,114.28688355547342,146
34.82775896782617,293.6283723595938,51.4148954506348,61.13684297163238,2.102767084394917,81.04931897150475,107
152.33818717279,321.31448989028064,13.84006830269381,19.284519236857353,2.1061827503560853,43.68266331430972,146
178.65111974638648,199.8389857286194,55.43758345884794,35.189297391006754,2.263212766469468,46.38704269155232,139
213.82793323387298,122.9482422509546,28.883349239089444,11.411159010679853,0.6584944510094004,23.15102153805581,121
165.40054996128745,309.63205160395916,22.589235031577886,18.878001910531243,1.5041759029168553,89.70435012023567,156
293.21603663608647,219.362010261271,31.884876811120726,9.84103643108168,0.662940976464113,35.02314798308102,175
62.038047668766964,25.376379557304254,55.74283348042801,23.39628348909485,2.9254553001979398,70.86948634784692,65
212.25104394395638,67.98620732419539,87.50381373997968,40.28853817285475,2.6308872314957505,73.14706415889654,137
146.12511402984796,187.3781432916839,22.514548687057765,6.007383940319071,2.8290844306274994,62.55021059922564,125
248.4135371368348,172.26882805573712,12.03780617428578,51.09676514225587,0.2554663154483461,26.411734292102068,144
173.22348315452362,135.45749450004652,99.42222165747091,11.239221852494003,2.316885991445963,76.6949416367259,133
239.31484065459162,105.76111208471316,54.64439083737069,37.14012826132283,1.3838909116560523,104.6183332408798,152
297.10906553537137,136.04449284135694,63.99759550185411,49.551211155120164,2.2462589859051807,114.23492203579158,189
70.25849268882989,100.18957421604934,67.74067303324348,14.250453283708417,0.6040592901466599,18.257135579128473,62
10.775959554836863,191.1914077547269,61.41206353635851,24.718224544420153,0.7712810802124749,87.76514128669366,71
213.86639184717797,192.53190403467644,70.30156740676806,74.06506146963879,2.384701277275521,78.7563807880644,162
201.74308242747668,374.794014209295,45.38820177990011,44.475865539425136,1.9781406978671943,109.92525897338668,194
249.7230362985173,47.135738005209376,20.762664975968846,25.993721383910138,2.2719773940019077,72.61277542510015,138
93.6970706086941,67.25439010638912,70.4244091651489,56.57922742810595,2.8337610981577184,65.05193948297182,87
153.20061361007444,50.56790372173437,8.78677449744324,35.69823580454026,1.03473259173907,37.540469265320425,86
36.48479712298571,385.52621883327794,84.41606832108722,46.865530519154575,2.857280205638422,119.95296585651965,140
204.96165944793938,122.41418986748047,8.822008948738537,60.988968772179454,1.4644523874297373,81.6660438377055,134
275.6611084987626,88.96587594478785,60.60631440139616,51.51320811741878,1.5260048263539387,20.03666469232099,148
110.90870632544863,146.65718959273497,68.66268340451262,68.9031813632275,1.0564306243789996,86.30410413817758,106
93.58316065482217,379.17354503402004,82.2887733001074,44.90753549979907,1.4189951349450154,44.59688728871847,139
103.74939802003846,388.6701961872593,43.39663041507084,42.1385076816702,2.965545722867087,82.34264251314418,156
167.35214236358655,177.03407690374218,22.820341432480078,30.21879001383067,2.2936851467611636,78.79496163595098,133
230.3972554576949,97.35213057310406,57.17586571310651,74.35847534586692,1.370536675709897,86.80750320343896,145
45.21356417515975,389.79579001224386,62.84280837278667,20.66520206155673,0.559296675035174,70.59229077029369,120
170.15290862558257,55.41949648697857,99.26442824254586,73.2085305217651,1.438198893118472,22.92127639985133,104
251.32152039298137,209.3826917887342,73.07731596922015,41.69201717542192,0.8929322004684951,101.81963401343639,176
294.27094345497886,112.61774430855257,57.37018230364462,31.919709033277694,2.7734176348015294,65.90649807521834,174
265.0046139924781,348.3302350828635,31.243503268093892,63.62048219624285,1.3033330282989009,112.76732330507721,211
157.24392598480037,331.80879981051976,31.86970341186853,25.28735628219784,1.8021193950010672,119.87925665522727,166
151.9957005301533,76.46625898545986,56.165154881868,28.919667452054586,1.700560509505352,69.77730692545404,105
142.0499388912853,142.27539308703422,22.921975502175016,56.40487735440456,1.7582131617562133,35.69186906636824,106
234.90789777878507,36.58597365697473,75.74698939869361,57.0077747199502,2.4530858174381427,52.46866277400806,134
202.46976055051505,331.88406964963093,98.17772317267958,40.63563467008103,0.20735687290217095,65.25202651462624,173
181.15232449977444,350.4861190776419,88.04808553515929,36.34388436211282,1.6252581517419282,60.262088192166644,173
219.50870999548636,175.79187550361848,67.20422601063471,14.04017506418081,1.4615227428557227,116.61239936316389,161
108.18275787491518,283.2277474630152,66.7344819950309,68.43769280335393,2.5717898760410898,104.52764025850932,143
120.20272528156997,140.3312384946919,73.27815539618338,61.23334112808036,2.629910750455755,13.948900982145524,102
29.84201668264992,259.84118640476345,92.48826438412819,79.7992219905848,2.265622463539988,57.736861911543826,100
38.54850665112741,260.8241749367007,87.89502709767362,36.606927029613054,2.1126033721003803,109.37664682555345,110
23.337380916391698,322.5345167616405,32.86993871669483,31.237605002474556,0.5221524075282554,68.4282949963636,94
174.11913795562168,321.1574000747622,21.14844666146925,8.159531351479583,2.625434836070079,78.16814053911568,165
79.84063963833079,366.87502608895085,18.59618341220842,37.96969324168981,0.8365342842992726,38.085937897506945,120
12.725255121912602,325.7605692505556,90.61489524189389,54.8536490845282,0.5581293040081822,58.59027619641959,96
110.2140310884937,243.27724794804016,65.69917672420115,35.096097199950016,0.8252848507823336,102.98343176568585,125
67.77292974157878,166.18343460759127,50.904765800625526,20.50204475035082,1.7585758078171427,73.22931231965096,89
297.8806926518003,132.18768647564235,97.90472603480195,53.34192564243709,0.8959931025168604,72.25219186512689,176
208.8818528928635,302.97415964282357,9.659203823719995,49.299706459965016,1.540509130919224,109.45708199830979,177
92.9963039231664,323.5668454128875,62.67117482560526,29.48103455515469,1.9461918462170864,78.29802794433346,135
206.55169300077424,293.95278313486943,67.6222463300916,67.39029512307629,1.9219195006920051,109.37440744802646,183
197.4387765782516,137.39449590200172,46.8782030654671,47.206756818735414,2.223843327023791,19.914671332084083,128
95.58203097245503,304.0427286765812,21.68580669220913,12.308464224249116,1.664282501054821,116.86385393324738,133
163.94718837380765,367.1250503030448,83.89489885890275,22.04366659593446,2.491600456372981,63.00326128611153,173
243.8816632001923,303.69255327247714,37.177949111179196,10.983237181081234,2.892390549319745,25.483271650647094,182
290.2850607441981,346.8534268215523,73.80058764717423,78.43549493698846,2.9050822671700938,98.50464084226181,231
116.07476432761425,320.45914806379625,6.322272234585612,43.85264004498661,1.4188794804282365,84.0111220061129,137
204.9788312317938,242.1328348278231,83.12964361654356,75.34276755880522,0.414203696377769,35.72040924327415,151
17.257148397479874,356.0092411816438,58.33370131373849,73.38996088196643,0.7419648802145711,16.953874527621497,94
248.9180519032298,365.567302602599,33.70806658027877,33.84707675204219,0.5053533362709411,114.08876861701408,203
98.26572946324151,207.19735521171822,14.233239869073051,71.20622606522318,0.4934257412483759,59.90081325777818,100
204.44100346654966,302.3932461788052,94.86753814904606,34.69188676634838,2.252580142819416,26.997519265081852,170
130.316512956674,57.62822119000083,51.48796859001338,33.83303908442064,2.8594124236050726,13.59879155405516,87
117.45368803298626,188.48557270306662,95.30274113588555,68.72511507786446,0.38812841135777787,85.4248292029414,116
167.89509982982202,391.5801611917778,39.0740149151702,33.0548921340611,0.6504448302671306,23.437569099599013,158
255.9296246544675,192.79260005679652,67.9630301158879,52.052948444190974,1.8317232826066807,12.34932002100077,161
238.17043123183885,112.55618092232898,16.962769104264076,46.03708212082114,0.2989694431906321,94.16731134774429,142
70.07563740053095,102.0615137290964,87.62106554310675,27.627645167713972,0.5279071218301867,109.0584139194934,83
10.822309929204742,346.194328024467,18.74535813044826,12.13938625258807,0.8268971705115591,29.194683299153283,86
201.70671635322188,29.796456918755375,6.4117310869173405,63.6188038103108,0.7900016576623428,45.61486081582247,103
60.531398407791386,39.91162678724707,75.4632154106442,43.034671074633636,2.2624292975985876,62.38705619655753,65
235.6249414011188,215.03042389149283,15.360130950365324,41.29941780329406,2.841705364613308,14.770154058908886,158
237.13582883431008,349.45274494873854,54.53786539774299,37.7273167236192,2.895675931053883,16.69079482439564,189
148.90475418952536,172.614556714773,70.1792621259121,40.240970623249574,2.738132404434165,18.083978734309554,120
33.429238449129656,251.1530209807072,11.239812165410822,23.45124796552035,1.9359225004729448,70.31920774531966,89
104.3037785624137,397.958547227151,55.40289955597583,37.389802570886786,1.8557376954524074,20.90963078469462,142
213.5160313783592,344.0612401723185,66.837083163724,61.97909294816961,2.1904357583070375,33.65253729602466,181
140.95092562993165,106.82755825854207,37.19850378934164,37.37291442678089,1.3063699857583364,20.459442320319393,93
133.76156181567782,272.7409879629174,40.558597226376,13.905836131960454,2.7766566036297147,17.384663895031252,130
251.21384765770782,55.427438647397416,14.173621093749635,59.626087882119826,2.454130927304438,71.20078091768852,142
180.07487399444832,233.40283731698753,36.31636823453948,11.534040257655626,1.1254344309379263,83.1874572003207,145
227.5824325729287,349.87501657024467,73.5007644808842,77.53509277429501,1.8411892645515635,48.68108042624639,191
177.5963703330579,100.84074615536231,67.38994878387444,19.491099790390116,0.4138333075890732,102.99107604614795,121
116.59270467845154,309.7901401360029,59.53950041148896,64.96326694988286,2.5509499678522385,117.2001262338279,153
247.3437892667942,253.15784660347663,66.05642056383398,4.047798853379505,2.7943444438853153,101.24068689556293,190
87.55984029469208,88.55810734512467,71.75638342223245,26.100805728732993,1.0854915046540492,10.671636834402456,68
262.2601848955671,235.202016009323,43.074512679953976,13.066223023798955,1.9361988367009901,13.37228082189965,169
226.37241098165495,101.75049441273416,44.8840869076278,28.589886578007956,1.1731539681833114,89.37555645169405,140
235.28232979035488,235.68555151347095,13.070918797832032,6.1034884611906985,0.5564887016107442,77.96220001186336,161
205.4509260778028,123.3990805475632,67.88417581678482,39.88161298149771,1.3819281414235596,40.04835288012464,130
228.9335116638275,63.25065308187666,45.841795172799586,24.09322466627505,2.0676101388043855,63.52960287006759,133
203.46844203354138,37.258597789682455,42.55002262832475,48.747346641667136,0.12229254910966034,43.15612982202804,104
71.25785397389056,72.14922599778427,29.27435288203863,27.593543763151608,0.12241672905100463,92.17155357727447,66
60.95149254399427,164.47882937178977,71.84877002135305,41.02046303138463,2.516727187017647,98.68202052234402,98
30.901894011725773,347.47045756858364,9.01871484846518,3.461839853680365,2.771371060056996,104.8321014973273,117
176.970156613681,237.89187873662036,72.40240134904874,34.58012886779149,0.43400278072501486,12.294221492722368,131
104.18277203919901,324.5024186379718,63.72190001390282,66.89802121959316,2.7673322800500153,19.694286942767313,134
254.9004643462621,112.46026043263879,60.94277238877663,42.869078354049265,1.2477234208920656,44.13020180194474,147
108.45885153305453,146.56607654739014,20.972607264340226,41.81769619428757,0.43067725553180236,66.09472685552691,92
272.71759215821464,152.7626008795045,74.10101503902091,65.87799091893845,2.463607316675041,35.989573384139675,169
52.46882330053137,94.96328507311364,62.227903600950754,61.29679305265758,2.0009761305043434,29.486074184195207,65
234.12594588179246,207.76446950660767,76.67235339846366,61.27041766940438,1.4018252452856828,111.65696842242252,175
173.70261718681178,261.4133612430255,64.32956904698,69.41125623685046,1.9189304800093383,26.60531415323846,146
29.803014963769268,188.03906425778825,33.76794133820623,23.424546063920417,0.26289914861792635,65.8070573818756,68
100.01827667583017,191.72726820625923,10.404554829225475,66.87233726972347,0.3225199034030195,105.0675037317763,105
258.0350777222662,253.70318759791797,53.17144264672574,38.09150939632724,1.7075174768810815,97.09995769918943,189
269.80426201147276,190.8988073873444,81.93251218130726,52.84332146259157,1.0324276123532423,62.319193073737644,174
53.749712241735175,43.51200603841827,14.832678340687204,72.13189304855034,1.095969549930976,88.57471040842088,58
156.31921043527765,85.57238634581867,28.535653741837002,36.14514539612017,1.3743231961116105,67.50228387921001,104
56.036400314647,161.6837531985043,31.8748899683697,33.88401298529098,1.0812647258401167,75.76744486212884,80
238.87581015346277,265.9760356483366,11.26162615657316,9.371463906177357,2.0673001000362348,41.25616712659251,168
219.8827599507139,269.4943528359816,91.10255623054934,70.11581364072204,1.0667499045756141,74.10134660450616,174
51.01423036945217,152.9318992636208,96.93116823081074,56.48143709932671,1.236678154572545,75.45453509667323,84
282.02063787407064,137.64111721806515,40.78453407534852,63.7496327133564,2.458235873062923,83.71280399941948,176
250.39810213939472,300.73437540920344,70.11437182636975,43.05868049926557,1.9734719801271148,56.574700295431406,190
114.93014794056754,157.78711421317686,22.12497767330024,18.707027574294226,2.8482379758496057,63.489801296,107
75.6974834948273,72.27483420729013,12.33068300858325,67.8654143174989,0.393308214636893,94.79621923994111,70
252.18474972402123,355.7992228871734,8.58601177396832,28.26762101321396,2.3222920528970006,24.415394557245882,190
119.24876253853215,81.6539405936112,83.97778038546693,62.145629471017095,2.4462267869539733,28.209308231846457,93
136.92528749012055,176.12627236868272,69.25447760791063,20.527355712860153,1.3881762584352995,41.342072581969404,113
227.07559024767653,190.59262595266935,55.73105922133481,26.13849593189759,2.4450092261632803,61.5917165535478,160
252.18288389045514,159.77956412551248,94.97736617319168,78.78630389546304,1.4388719374788688,40.99489059741529,161
120.74300591530604,220.4347196153634,96.79547455456499,65.71751668733673,2.423651750039488,25.223838806377433,122
82.50093136081205,263.6480337576899,88.04110977996251,45.254178143105634,0.3975102220703871,103.04815044067823,119
256.8381539445859,128.3239453425448,77.49609887771064,23.277721368125817,2.7253880060368996,26.208352159076473,156
136.86704245654443,379.63703994446905,26.093610656163158,37.1879832372153,1.1137967266020818,12.933720988323238,143
25.444497279611596,210.76270358342947,27.3989170170261,79.57297739658671,1.187246752911526,13.100630008096505,67
279.9395123774864,338.88698929241014,66.74626500794726,63.72768972360973,0.4990388044050278,41.5567337044595,200
250.63085911431855,284.5073556588738,18.18530572272769,57.031821672548276,1.4009442745485152,10.577631813617973,170
32.97547366850917,117.25109280607698,84.3214944318262,44.806731144619164,2.2089808774423023,68.05486564753967,71
42.244189494029136,129.4785996549076,33.6093634856909,5.7244568362704,1.317494076884985,97.32890195033819,72
142.56294882457013,62.126000210205696,90.98895413788986,48.545645339877865,0.14766252139709385,66.69133032303466,95
80.16205898208807,74.55919929357881,45.77769484481671,49.95514745652415,0.7976362925389763,55.82243547293938,69
202.66767750518264,52.53330289515947,97.59217664046106,7.278987186889991,1.6255723914342946,65.80604662377652,122
296.61613082297555,230.57774191891428,42.09310459320609,38.67053609636191,1.943445295259027,117.91433648067164,204
83.5585757100717,26.1720478214001,79.90940154655395,28.894594466744522,2.225528962206861,79.1082658723222,75
233.73539849185914,299.3710542286783,36.589267795338564,5.458183687026238,1.6834398611023054,99.4859752111697,185
60.77584684499544,316.074185521747,49.139175475968585,56.240361655692986,1.9320339584991797,99.2647450032367,124
28.299155739345142,314.95235188730027,48.47955985749856,24.888520551652437,0.22703819941145698,31.941681708670718,87
22.15272315981078,374.680972381151,53.96144097917738,79.15157077909763,1.6747890231971392,37.86451417228791,109
228.45436645747083,92.61930367888614,38.912546723359526,62.90564222431715,2.610815003526367,46.5117155019479,139
46.097752390871186,159.84728623957574,89.50121911616674,59.97800103053046,2.6944487353696545,52.53092450867614,86
292.37983945143964,208.55722608406862,52.264722286894596,74.09621639690316,1.6058999752513319,98.12628961419512,195
220.85358405936435,49.992262301077794,62.233063388871585,66.14261980411116,1.6818757522994472,45.33325710360534,125
33.219984211748624,271.14930415409196,34.11710632862149,49.00448696298678,1.3357366113608318,85.87412892900349,97
111.94862529387771,36.09496188304922,87.65353163035725,29.49962620406162,2.9946367335418422,40.201089608234334,85
294.20791096634093,380.2036638691728,12.128910673875131,51.72597795489727,1.1536022788878488,98.1205573118387,222
207.02907626626006,382.059970586251,18.564049494442223,49.39068645902672,2.365804712256053,13.827886237839623,178
29.497675288011553,315.83584193260884,39.801204945179116,31.862643331724662,1.7450094609999465,76.5604311740264,104
206.92799650488453,380.55294112091144,40.34127095471495,61.520588800289204,1.7643731571682975,68.24058696899186,188
125.42987332621048,266.833079948292,28.713107043872803,10.848991781631407,2.2334570924903403,64.89483562821135,131
122.2263402113864,233.4356300886659,29.868784275812104,22.302602148912463,1.394192025976287,119.60016233702369,130
92.81729453246581,368.2619856259149,51.66401854915129,11.565718908509728,2.573196242114536,59.72469537699371,141
270.6169189280068,189.1422532421329,13.34012040494945,55.1904822995497,2.5520115350266286,45.15465493099671,171
110.75333547418371,44.67684976010704,56.50627931642842,71.52387122360334,2.568949947184065,88.29900144079339,92
278.92409244972157,262.3260085743262,80.40115646527526,41.68294812359546,0.451951119727525,32.10784082954543,182
50.274292891126066,320.34176310694465,7.49698254678524,45.21367210624842,1.1698423799535402,98.4027898917445,112
169.97761083866396,252.54037779579792,13.190470756933607,26.12467596722005,2.998825627409722,89.07566258797914,153
162.45173990078703,312.2825291423852,83.21724295329712,7.752555607076644,2.919901221389921,80.65724483250195,166
140.49260374226887,278.4414164468408,37.72890416675647,70.48089182873211,2.3627624936310943,80.37733223033293,147
62.76930960011983,387.1805532949606,46.098737215787615,73.03555713385721,0.2606972650515535,23.657723270291342,116
54.37448537495818,82.56969035824716,35.65277135968279,57.32790633728118,1.103466938791432,113.49944604246882,72
269.5285158781261,341.4548083392289,28.80750435328991,51.53445312824418,1.6974401049011052,23.768732463959296,194
97.81913577157405,222.7216513119846,52.744448750419956,15.153600336321132,2.830660264818928,26.96136935675195,109
201.03253328128875,293.84045200616373,62.488196246876264,67.71734032084434,1.7344922998507577,100.77598940592952,177
18.228311490674507,37.27548525070995,65.9381047133142,46.98815605523557,1.9882769347082396,94.36549010079422,52
130.8101672623414,262.81665303937075,52.313615712931025,50.918792803250575,0.9400478047246568,115.23151869498454,140
150.05399727087163,325.78149860197857,70.07412991358929,25.199841971519902,0.3116217739655028,16.59043362281359,138
137.48559497691917,204.0154294407965,24.382186288522874,49.31950050000963,1.0064892478161058,89.01991736236812,123
222.91792889331856,347.0953989866436,97.66054215191362,12.199759821086145,1.1745665743458447,71.78163373232061,189
102.5436070569156,197.25957547544184,30.40980907314733,21.337672836992557,0.3807537924256572,41.92332054668917,94
121.40345171546575,253.84342878230808,28.585676636212725,69.49398513421598,0.5631290201774668,46.01794028813144,117
177.52924098914298,138.83166992766377,77.49653063816972,40.86471228067289,1.5927020337713051,64.86356792374195,129
99.4767397957845,28.806993322213394,94.79711638657754,41.42466811585418,2.9033912286021786,33.665886477886524,78
112.33957576834305,39.20535375859892,52.01494933489175,70.82247915671968,1.9973541069798897,61.76455387050153,83
165.64031729378883,341.9254988495178,45.93813808801635,70.83154701165024,2.2097733837422364,94.02424405781885,172
116.12183223009326,172.2210159856075,59.176756168697786,17.183113547242087,1.7043464872013399,18.0884924717126,99
156.23410344572937,310.47356358875106,31.57346437427829,79.14907464841636,2.073156056344696,23.06921216959485,146
292.7740164699974,169.6834108368707,80.51523669618985,28.448653396300095,2.8229508441705886,93.04616895220732,193
67.72678565021049,213.46655616556922,52.507400839211165,5.533661492431829,0.49740548334580914,46.634477588804394,87
147.3858036146051,193.6556525274921,62.59474962836139,42.20944710748581,1.051100958145926,77.43749331711459,126
57.125593304312424,396.4339802732332,75.23533925449239,25.340278717208825,1.0754830112398672,101.11183245531134,136
164.37855066400414,289.3211264454664,33.4801036500543,65.6284089930183,1.168237648610732,84.11870317203181,152
294.17042904195694,241.8068139025388,80.69170732336397,58.57528857904472,2.095326588488038,12.93118704602165,190
147.63116208466755,387.4868645453793,79.37587918598504,62.540637963421624,1.7751397480061304,89.35401235259374,174
179.2217503438156,84.79458346373055,64.75739790880954,50.33939282908497,2.5393846623789664,26.2553279130365,115
207.41079956469687,31.99679506999776,95.07949122450863,10.571850664028354,0.15491836576917645,44.506173179044076,109
53.91506485461018,282.39009914903966,43.98585388565698,62.4478395409531,2.769510754701911,106.00994798035524,120
223.3928086679176,43.66688868548414,18.11783614959497,18.172652987757086,1.042643649835559,82.8449479685784,122
162.38837390601026,139.2259875203705,21.452330266446136,73.14568455207281,1.092748351277354,48.97156875092941,113
233.8770374031348,293.9513333043712,66.11436449994883,56.07843818232603,1.8692220822283796,31.149058605038473,177
81.49054930293451,232.07292730681357,26.36236860931759,77.88702895206438,0.9630822393030328,41.79045511438774,98
70.11056050784568,287.89553870127475,35.11887077675256,29.206647587701912,2.8077310868353216,97.4945891602567,124
89.3026856590727,66.31216017843172,69.27911334934184,31.616146459201833,2.9424655582319503,100.02152061436186,92
286.8365703835238,325.75401690349673,32.59300193932888,24.435166645902914,2.1710097337453464,48.09998655051781,204
138.28907244080227,117.4487106799232,50.5125299865659,17.761304561646526,1.661875978755093,112.63263271616385,115
211.88967718757857,72.16372282435071,63.48931826937677,47.77277888852358,0.8031283113898317,83.68173613824143,128
164.00203202251177,262.4189378952823,9.986655149748966,34.23750655176417,2.1803383631257067,21.05993952550827,135
233.52215684850094,21.96894963470941,57.28349374906358,74.46977505325827,1.280031609485962,112.85353084557667,136
264.7358902391262,201.43043776754067,23.94831759342216,77.18529503349299,1.0313863361455833,81.04877096792968,173
273.3017180333305,53.995073794376204,59.54266855166046,43.74187759770116,2.1970412669030277,113.03363177256887,161
274.8366204442572,86.52461468276599,88.81327245065916,15.711519188031279,2.7669409543677084,119.6888983397361,174
125.1284265407069,208.24588098226798,93.97783075388746,77.0462476465007,2.785515123899685,106.44174847097158,140
12.687478859228937,235.82551009250824,15.193565623486109,78.6735232929385,0.9252287918151342,118.80094170975957,86
167.55714023152274,207.68671972989128,94.16324766538287,68.38265960908375,1.4572602301182414,31.209253810119076,134
42.6675606958448,81.74781976510069,48.59687474807431,22.06666065790249,0.6399773004713963,91.02796850414826,60
239.32262268332414,235.75686451995693,76.94186127446831,15.688603279400247,2.582824862393027,108.67470379623727,186
249.8270493301298,215.80665040472243,13.240088135593812,54.201956565976424,0.6358654830372859,25.46730631977283,155
103.84448432467401,114.2578917935151,29.774601321217165,20.370657718519645,2.285894290166225,114.94383049204038,102
97.56429351056826,294.695360792379,6.086394748445959,52.9873026314755,2.1090289122259427,16.83367649805897,115
44.28520586315205,136.58640996137552,43.51457823199774,41.19659675659439,2.695843272467137,87.39127386124815,82
100.1836050315515,64.617983421015,92.03238665581036,25.012932812187252,1.8824137996171622,34.10414610288783,79
48.734946837073196,78.2105145818881,76.03480952933137,49.24763795094741,1.3059522847505516,70.41579597002013,65
146.54014229500032,224.25672132341631,68.08897173726805,19.036106567271425,0.8176497449948754,93.02135046973518,133
263.20916696144263,51.110716459844454,47.44105786216591,56.89375776215806,0.3264978942275765,72.05855945008223,139
27.9098337914383,228.10671451015395,53.021270328796604,46.67073058977344,0.5345719060090015,46.092940151642715,76
160.89904694358825,64.17120843017241,24.513141126239347,47.48551891839937,0.36373076890989475,66.1412889436118,97
244.52070412139878,192.30427406831714,53.75854510415594,37.63028110552633,0.2674366647043218,60.86161363128161,157
244.00545224077382,294.8464303335009,42.61512744555946,65.68335162278419,2.2628330002122654,73.6142391564939,190
23.13404279107035,150.92096929361114,11.057191650647905,79.54164551719977,2.8102901167663448,17.59210607763452,62
280.7949131496299,32.05925098877003,43.842358902828586,61.97982088151165,2.320900280478764,117.61666134165111,161
197.3054372481774,179.73753677528458,99.3213768651835,31.83341027040702,2.6218988274010546,109.74440426770299,161
118.9372048025764,279.4375345585857,67.87029112191948,44.0654205856711,1.9952488854142358,48.25468758530653,132
61.757352411192386,224.15822483124046,55.24004125668088,58.77293499067799,0.7458016263021727,10.382062443939855,83
16.593244923370314,133.37793570713308,68.98248648877387,44.466736443951625,1.6426074646406004,100.56964811133628,70
81.77849116609491,151.54069929529817,31.186724140537095,75.11800816853521,2.2025694431358636,22.412910264312508,85
244.74867322636638,179.3114274268658,77.77507941382082,70.93301650393921,0.14537280945429376,32.66897840352356,152
39.26004679682704,32.7589847866267,61.7895651894975,56.85632881546444,0.2411613316068724,91.45951863278478,50
126.65695173516283,109.04892582527343,25.640574966867575,69.3709589282644,0.2636877015709367,65.4285433835028,92
93.88640089263646,329.9987775700604,74.49416089602174,26.874488316796977,1.833961255404061,83.9785091580605,138
102.99288346396511,134.67048535479722,18.609741245516226,53.49656905723797,0.7410239472934944,43.05510491331616,84
27.677714760961027,380.4376969101541,88.57281964156888,73.10305791840247,1.915380099180157,56.99206405239978,120
153.73002837297608,389.47028943060064,94.45070893403162,54.36471693016634,2.3788333283435024,45.060790304794345,172
130.73414369221894,76.7026909735622,40.76371790817754,60.84445558457377,1.4732045791954378,103.42750254860445,102
97.21356145059286,288.87918304542944,81.54873519381425,73.34981155764062,1.7309192538020366,116.45648074012894,140
171.6131598777892,70.95524540244965,28.071559028510645,17.860265178684244,1.9754469694890395,111.44487149623446,118
255.66868191668743,55.13631868020819,73.83554766918418,16.857566237597588,0.8785386047794455,84.10391126980363,142
184.847393046832,351.97577422602507,22.875512923611755,61.41232056790238,2.2004851955712326,71.473552389978,174
149.0243198765653,350.4000635793244,36.63160952778802,76.64754132108051,0.14446774806262924,113.08757395224724,160
289.00249127319313,64.58015578846711,99.95934066669211,39.355828354704535,0.8035202273526504,76.48416874866592,159
69.30881146358917,367.74805464555146,57.44753279204238,62.49008280097408,1.2039190586814754,68.70151401578894,129
114.18527110995696,119.393418406434,53.717571302258484,40.7876288618767,0.3859638715398921,117.94503025312343,102
146.15222238654195,339.09784899420026,91.86139739526146,30.914983871638157,1.3003974946780112,71.87772002107897,157
74.16948851170532,75.45063097896846,29.77354044142811,74.91114352311557,1.7795144855084615,55.9335880910691,71
54.19930895340155,145.34880867158677,41.08477860040964,67.00229179238484,1.5479742988710352,82.00687627331241,82
208.60551758031278,117.78416790125546,83.05123427077385,77.38764484552681,1.960913917756251,63.96551408388606,141
58.78775732594689,322.090695454381,21.080242531717264,58.18445539944331,1.516117331636984,110.85893286638034,122
167.219688051893,263.8875960092993,10.579544900169363,4.638253058845863,2.5554224112298947,113.9706922320988,156
203.78250758401433,310.4487605573673,44.17726112948131,67.71848791237719,0.7711568370245919,87.78865200738058,172
12.651023890291913,212.17850948336473,40.454065805247126,50.19114839839063,2.0335887157046852,77.81712971927718,79
150.1292045503293,205.38466592116708,5.628173914255095,45.02819775107804,0.13436780757088806,68.23594115258157,118
89.67481378737128,391.44215232835444,6.6285467722305835,65.42626323128496,2.05469556114571,98.67844688421718,148
273.83427613964216,60.6662429039073,14.149819573883804,13.61400388773954,0.6566029652756782,67.91015839402378,140
246.41217330685197,121.58339993712161,42.70516013731679,31.09802351016721,1.2774794886342693,72.1502400692766,149
297.1675791755209,105.82575599842043,69.98395441968663,68.13363395845978,1.995833586721544,104.4041074923306,181
230.279896551285,55.53019206230158,41.030082112782516,45.11071228331623,0.2627333234740005,11.039518991954369,113
59.701236814103815,209.94618938286095,46.22141693730792,63.18135224162867,1.7409842210580015,104.37563447000363,103
37.65493228651172,220.70049054382625,9.042416973619286,18.49053035899468,2.617538982686656,107.6309737737943,95
147.89508341712926,37.69354888186245,12.063065692936853,74.19561518631201,2.708003787508525,71.98608504527819,99
19.541516244506848,372.93121727677055,34.876045856531846,76.99459681032846,1.8024047018450162,92.74799168315516,117
216.68630598531433,171.35248775014637,12.309061686927858,14.671119555747058,0.7973693634824317,101.81156161009272,147
122.85541613653405,360.6797914610335,36.51433476407371,60.937522632629594,0.5058567232820721,118.73257537055134,154
220.00743532735132,210.30128362233555,97.56071610641966,6.1883216918967,1.3675559332461475,102.25421233744925,167
108.77189647778073,312.2221482788681,95.71154770689326,32.94283784609884,2.343309256780835,13.258822483968162,131
89.26483830235122,397.182633811303,51.60732833052536,29.753273421056136,2.829314250415104,57.50327408634992,147
207.11150884556608,271.05532485565266,13.140941175489894,50.252039440271254,2.4143600040279654,88.44193859462243,170
33.79102280521308,78.60396626889701,72.60932970396858,51.44426879311797,2.245000338032124,44.834605154968976,59
40.899766136265725,21.974184500611443,34.28540823794832,30.073564793057933,0.8823226853942208,24.575770494361933,35
64.3436172230844,190.56059726815155,57.70030005784243,33.82744565648473,0.17615952163856188,48.93057160797848,81
36.98863553336351,247.2566431618237,35.82088140437921,32.04855755688673,0.9463573187593308,52.65795153162331,84
34.56285990927152,362.43169704544454,90.9947195597691,78.29749899308321,1.7586852491736646,28.654121573155805,113
120.41228681173551,72.75922240457837,33.60747021063153,40.4636674924412,0.28347473580316773,57.81438961890194,81
132.11967853403206,204.00789929489284,12.307529332539929,21.632579547534423,0.8151111982063084,78.75370565457841,115
182.2038554313328,94.30832545449898,15.162374920185691,25.763323668598044,2.851588040944239,46.54389368427896,118
189.85573448365992,325.54905554380537,36.30646304652972,28.109425452262645,2.464878863008709,104.54593138109188,179
292.525359186336,71.72729919974063,35.46318976063333,75.88775591725707,0.6824693172360079,44.56016093149855,151
289.7266406974902,388.11558426374427,32.687574400105056,56.206705878424586,1.5239212073870967,73.34672097874567,221
80.30304606636619,162.9010148831759,82.56697896612674,32.648940119677874,0.43027468847479455,72.02355594916645,91
181.7458399326118,227.3390524713124,69.76270014735833,44.90773424580288,2.8637133733102584,60.778444511646335,153
215.4264448642584,186.61288263738527,32.67646475860306,56.04115178729874,2.47500014721293,97.52225195955498,161
128.6510611710214,209.7352218098049,65.16692376709804,20.87765107832231,2.0101226087437225,88.67600304293688,128
238.83226133381825,48.106751521269615,99.11655837151196,39.38030658226484,1.2623347822551836,65.727390733246,136
276.91373349870577,282.8493690412809,56.64629432181038,63.67623152984221,1.1426355297471538,108.5051666896989,203
165.70273594713046,262.5085394641196,13.073283734843836,61.97841573776316,2.0070447692842204,49.050970139333856,143
197.62995591518722,36.83274354058285,98.44277956543836,54.84280787740648,1.2588914640527387,92.79510555025664,123
290.0578655370102,183.57310667826926,6.002038414535097,22.181592891485124,1.5809610975226296,67.06775435342846,175
178.3503057019612,238.58945134276192,47.34896239296614,32.50846515684522,2.339792474141053,74.7448952194162,152
155.13507666972302,151.08760728781695,7.333452037448085,10.154849924472812,1.3063287427245664,115.79006522479673,123
43.660108008102654,377.4569400955533,18.459141798997088,26.327446824008234,1.4204646421550435,32.755405882914594,109
150.04853964602265,200.94176185948214,46.62576413593757,56.347534710845956,1.0248374752313312,43.029049150013435,121
244.95392170642245,63.732401345538655,85.67210076445643,52.54165354766167,2.0637040653835634,28.078950213577357,137
295.3311364706006,112.68691968975722,21.573057118292724,14.490585474798026,1.723561962220603,115.43088839073447,175
77.238108749309,173.9180257864961,22.522918639382397,51.95735237948609,1.3531899120449193,13.211150177662963,79
188.09101183785674,94.98328559725361,61.25930004423499,32.329190867745154,2.14373328628323,32.636292730405415,119
228.17439365454257,327.3173196798791,10.943556389570617,9.936659800717106,2.6287400570286668,30.565581919530274,177
104.53562436365736,193.8691604383505,29.923572567974286,69.28565070166997,1.6303735569205697,80.30194442327657,111
183.1215404920681,252.2972000328207,60.76544788369571,29.13812172006684,2.552001627741722,77.90989472700674,159
245.9840937356708,288.27557715947245,33.257259296438434,49.92979222560772,0.34578070900678065,24.73425466157817,168
44.179879271880445,136.04440096348958,22.38922924149093,56.08805025388275,1.5813921215127666,56.00630168323845,69
49.98151657502167,165.80978587832107,22.646601432812737,51.56912808057355,2.1109554869351306,80.97861045879455,84
299.9708702432967,230.866778816349,51.51599248825984,12.943129737628169,1.0122820425164485,59.61010678213162,188
25.547266162942677,156.43488542512014,5.910426758511717,12.64970774367468,2.4641262278961995,116.02119983564339,78
156.57702572189442,208.08854218923338,70.04618370319872,34.41917395138073,2.5356862260935458,63.75694631336542,138
33.9744814780754,31.727068144341825,77.3003787618153,24.783012945579117,0.8970734629932485,69.13694800253013,47
58.78060345660637,193.78212716391064,75.53923393332977,61.74172528560787,1.694205935160349,22.453209482122546,85
43.11992889410095,314.54295058831826,83.21186675976882,30.615218224222833,2.485571690609158,14.577157449725664,105
218.50426992771256,227.61424439434654,99.0286941482849,9.988482232444866,2.507205077973365,92.64800442180395,174
96.33559117983916,399.73881432598495,47.72457256888931,29.189004192140477,2.4685128968376717,58.29768937216662,148
298.247728452399,314.740026954694,27.50987525983472,65.234811913474,1.8049793012327506,48.56939252253886,206
216.11864825320185,260.4528397523126,20.768253680574624,12.860327342288535,0.6991970029416427,32.76369928269426,151
27.21377175540892,153.30988200207577,31.70307678506881,44.02394659171576,1.0385954859785769,87.44591379307074,69
93.90664060483364,121.59036518567045,86.51160026989447,78.86808757641995,2.069968016177599,20.474768019577702,88
289.20387854819967,318.562598350693,92.2830276238334,79.4139256002846,2.6144380122579576,23.95769854751913,210
261.1628505474355,114.87735193649311,72.58251063972106,66.62158061049334,2.3082734036915853,84.38580090699406,166
151.94303051553496,239.42170113558134,30.528129448311162,34.30955697047294,1.4107759953960566,79.69905396853275,136
265.2362735791238,55.37601793619461,53.98327984833141,23.70160365243913,2.815374730856868,50.59782914829642,147
285.57368287096097,144.3699264611535,5.234943088488551,62.38255265414007,2.224899676964512,90.40251312357583,175
142.95028443711814,272.37465191610016,39.031159287393784,6.939793512693624,1.649830946723938,33.961292851672646,130
134.59649919871848,100.50355723494053,30.510999639870143,66.61080212980703,1.0794899499952832,73.57270042870466,100
174.1812121659707,204.42840352323194,37.65526395249882,55.239050235270064,0.24038685733999654,20.953221610782645,122
237.32803093376478,194.6410698159554,16.802532026887853,68.89682479443188,1.379729251741637,10.074352466331463,147
287.82921309815197,96.88091843101189,70.41622878159347,12.289220815953055,1.9849918780878928,27.487520919640133,157
280.49041319051804,124.12739407620722,67.18585661978544,21.53036372683049,1.1783469261756208,109.41802957192237,172
58.002272956209694,170.6097954342486,34.023378260201916,56.55642697891673,0.7790171403048164,82.10337512218885,83
214.07243153157282,20.412795402855004,50.29663728478684,12.350583779118956,0.7559534982322774,84.7980997633737,116
12.693214806453447,284.3269007694585,82.62535755676335,79.07608293821322,1.3247104079476737,24.539266620181692,85
30.54020856614851,165.56657175679362,74.42252126757725,9.98931929506152,1.008719284578628,106.90878944782976,79
49.76749547562823,313.9149837872372,76.54999109415147,12.385406032524548,2.9795264502145167,25.713837351838322,111
163.84740019853749,23.220401942143635,66.75192024999166,36.327754820828446,2.195052876456535,79.08880421749927,105
53.89849794484148,176.44975985667767,70.2237861381953,69.07707691896769,0.35139529705136674,21.05116237254027,73
228.2092374989062,244.038088749375,41.48303138759647,77.1333994231546,1.012060637728291,25.38132076901571,158
90.32062051400516,52.01451207923493,57.57268001954936,48.80061364361652,1.8620199868550176,95.68666177645859,83
210.2380617542496,342.1989996871844,67.54851015808867,25.52864801902149,1.6014724706119887,66.04748227261838,181
226.87465588456237,132.30597947198532,10.184067446449031,72.0371797078452,2.868547382906743,64.43764919375936,149
42.69566215510447,209.84136568360987,61.4233279730837,43.20634707302237,2.935321148745673,118.55707861275079,105
280.8380764855226,70.15349467842677,86.777330373991,46.33367032429095,1.1596961422594863,85.12362539026688,160
231.19052198971985,382.69213389753685,78.18486967633832,3.301773338126784,0.29584445089102485,38.840380487827375,186
21.54978996178503,42.978166643518165,79.98254990434368,41.515627133444305,1.9228550185756705,65.11538620577826,49
130.47527836886655,286.6880426769362,12.830642132841358,43.8520556534612,1.8865364614335693,40.521450930801606,130
99.87299682882616,214.29578535222595,24.303761925993644,65.02868631571096,1.6555315013794292,52.98046532651846,107
193.94533173244443,337.12005829020603,69.70029004737499,7.1569765224547695,2.126160056655925,90.29542151746956,181
255.4757533908251,42.004258728789566,13.190215847191485,35.88971991126949,1.4147783426617138,76.9715644870188,136
99.6941185233226,301.84353344187065,75.36252712224693,11.316554538815222,2.152911760642485,87.16495723462526,136
57.511462971268195,382.1461566667851,54.685509459198784,63.07299392041217,2.190220002471031,28.36592496116189,124
46.809876169526206,316.82711237605525,30.532626208878337,71.14035125977117,2.3371478424199115,13.229187629008385,103
244.06127553063723,123.35262610811442,11.067838966699066,57.56121335963864,1.7722898566711336,18.47770344150239,138
142.00735552703398,156.84708029826623,52.46295054733141,46.217118002599086,1.1662945557847542,38.062768914298594,109
39.84242535634219,238.08667597298148,73.66394546595731,19.81554500595358,1.5755921662408758,14.84416979890905,82
260.24926352175726,112.92955113554731,49.81763600988512,31.87239900065713,0.5352455378993353,112.42760848729041,158
258.67070734691197,230.08861962842852,91.82502860450725,59.771934592312995,1.3161709826521157,45.398221591926735,177
130.71441356538145,293.7094101427149,30.769506010932584,8.075191457419134,1.181143683539798,65.2245036815541,133
271.5628926848987,88.15085310347615,81.41211184858189,78.55028138743661,2.8668302816352402,17.581908155001962,156
144.87731159589697,127.27661083594292,85.26041790482616,27.529471894637275,1.703965046439796,10.876609091320107,104
68.1946345013572,234.24656151319104,33.87138419046788,50.57196686358415,1.445387402683448,75.08600284832978,102
153.07459599791662,313.59303992119925,23.56513026791823,72.23457718366102,2.30539843893292,36.963956181424116,148
11.849585998023178,175.81372163508755,27.13478547667558,29.021048423673683,2.5347646199989042,106.49184756767325,78
285.78717602159855,20.555575403519544,67.4438657667198,68.2224670467559,2.20892361321882,21.43439212867156,143
163.64620182740362,110.50368591792895,51.74274330074027,6.671815900948792,2.9911818833118904,88.2817722170113,125
36.97772512384559,370.0842731294004,90.24230983348862,42.541219042378884,2.132456038126171,50.974117148148885,120
292.6208891487928,52.26291865626602,14.079815507051627,12.414080319574644,2.4778923864932265,18.231353276286523,145
174.6680112038704,185.29349380529442,96.60073609961037,20.468195309867927,0.8568737228784691,44.650980695073414,130
242.2368783798536,286.275730402186,74.85852253432496,26.808502102755845,0.8886720283141177,18.21561793827277,171
68.78666162097778,316.3760533381679,60.54726340139224,14.122023003111064,0.5766874440293277,61.26606236803279,112
127.88864005367199,223.65132865420898,96.64029861377173,18.195625597607577,0.9940923828162632,39.150871960617906,119
44.77493134306414,79.89384328489615,70.17521008029894,66.45816165929268,2.1209461513875216,14.436278891952972,57
252.418177786516,144.56159037622092,13.665225860178118,21.361065577977897,1.1316539909624228,66.48056429166024,151
206.38317932683083,118.86338123406507,99.11427893875118,4.4244032819832455,1.2727374566968066,59.742128634116895,134
226.94274969052566,114.94399872418941,48.894108643242696,64.70394676862031,0.5053998138920549,11.31526154863543,126
250.80797624944444,393.3755502437762,17.417947566677906,66.24652638469175,1.1794952570663932,79.33273034642069,205
196.95865455546553,241.28304453734398,29.587961972919956,65.39427314586192,0.16322052994197692,17.091923965160074,137
271.7238637606516,188.50390305767576,17.23519715471543,72.59608168965192,2.505132913930512,46.47048803775044,173
22.381932536224937,195.17807036073748,20.958974829260363,46.762967584924375,2.482887664443623,53.449855704411135,75
18.549864970084528,279.6209083656395,21.41668512392497,18.74785626566208,0.6427382297623688,40.78400097087962,77
266.1929016791516,33.166788617972244,63.8217721403601,21.171212781129146,0.9558049726991776,55.319142692578154,136
169.69971290915436,43.17204619448025,31.57871880670228,12.704409336301055,0.6784276393331012,107.31177678474614,105
162.48607689330612,259.68666775340705,81.20596786325711,63.99800705554588,2.9692704857084484,96.01073435299675,162
114.14251185289386,226.91676629293963,51.04455111684829,73.18880729467263,1.556940441076851,52.721940202623045,118
62.146603372382074,141.17347558516423,25.80691786694398,71.86965296591647,2.357761015852576,16.445035330593036,74
297.5440837948655,221.18427094686402,77.85000600277593,79.969248251285,2.9245415990271564,21.014777103545335,193
200.49068219910794,121.28026040495956,82.5470903528298,73.54623964049436,0.26213510197210427,119.60312533571029,141
73.62935995273821,341.6719343767506,80.75211530104383,29.67476149608247,2.533744531687137,102.97429926029089,140
61.06910659819711,245.15741348893684,81.5899714091419,56.414871960767236,2.7505420119727493,13.102722669987497,100
213.16263297191128,380.0723193266058,58.5426162444034,45.92249348739343,0.6458776282252432,118.68068314451074,196
265.67164437035046,207.04615508025398,34.36004185436586,40.25404076994338,0.3617463928676182,35.5885693891563,162
73.45459309055741,220.05043537643414,5.064932156463927,73.59590250181043,0.6842467117212092,24.353850018110084,85
217.91191348033666,369.13669917673826,85.20698821157681,27.2399272817773,0.16354739910635963,74.52700926003304,186
275.9950027695244,314.25926955155893,85.41568432001779,69.13221839414096,2.885620375799698,51.09498580917105,209
283.1577319057321,170.32631369446463,14.598056167165202,25.537681990586588,0.4957098396867211,27.325427461853042,158
285.1211242876338,320.90015949995126,96.26289953503013,52.63606072029549,0.6051877457710388,116.56171859664845,216
211.13251550483747,372.96117941446164,79.7642202965798,19.41250269049011,1.8079554517710006,29.28867929892429,182
98.97873649640783,281.6294070476037,17.098094648735874,58.84881456300792,2.8514855022417342,114.35679758348932,137
123.56441391050457,397.82758960809963,96.69247432731734,4.525853948312819,1.8469271356078165,111.31420380598873,170
290.5841888286213,103.9401951660646,58.72727338143044,75.06164789723184,0.5078657676308482,91.98776609121806,167
79.01881829332511,393.3042688773356,20.94930459140049,71.05497976482071,0.35730543645336643,87.98623944597469,135
195.33977949241492,356.92833578277225,47.42984373929041,22.68657036390434,0.8236685030923084,17.457425807065718,163
84.4308030473873,61.05314846155912,5.121709961995544,32.10309364036597,2.224495034046429,116.60120076162538,82
266.52007930029595,207.3711575200621,40.9776946035546,44.58986947891943,0.3941428229476527,62.743817543687655,168
